course_id,course_name,professor_id,professor_name,student_ids,day,time,student_count,professor_busy,course_repeat,preferred_slot
C20201,Math,P39531,Prof. Johnson,"S88284,S07422,S36151,S02235,S52532,S93774,S57031,S95077,S30994,S84047,S73876,S26877,S56572,S51790,S89137,S22307,S11700,S45510,S42802,S70207,S52407,S77599,S79107",Wednesday,09:00,48,22,29,
C89384,Chemistry,P24550,Prof. Davis,"S97533,S51990,S68014,S29575,S22473,S14820,S68405,S57410,S20613,S28140,S80845,S79949,S17819,S86379,S92144,S14513,S79122,S12457,S88883",Wednesday,09:00,10,21,21,Thursday-13:00
C16620,Physics,P02884,Prof. Wilson,"S58907,S87505,S64419,S59902,S96007,S26698,S20755,S73832,S83322,S14775,S57256,S87383",Thursday,15:00,34,24,33,Tuesday-11:00
C35915,Physics,P11679,Prof. Jones,"S54254,S97427,S18948,S02342,S28447,S34250,S35057,S03906,S04694,S40255,S76341,S66833,S05479,S27476,S07503",Wednesday,13:00,48,19,33,Tuesday-11:00
C81395,Philosophy,P58928,Prof. Jones,"S63620,S97154,S60243,S04176,S13267,S54763,S96474,S87781,S42400,S39795,S52363,S75277,S85186,S21646,S86845",Friday,15:00,25,19,28,Friday-12:00
C03532,Philosophy,P25040,Prof. Miller,"S84336,S22980,S43135,S96781,S95405,S85408,S29525,S45465,S33017,S78916,S34110,S18217,S13000,S51831,S40322,S10546,S42227,S14885,S32878,S81112,S69698",Monday,14:00,41,35,28,Friday-12:00
C32554,Philosophy,P77126,Prof. Miller,"S09552,S74104,S83958,S18845,S95379,S06617,S54910,S41053,S82791,S31273,S58623,S69202,S46632,S07277,S61449,S57221,S87315,S09132,S25505,S91984",Monday,12:00,7,35,28,Friday-12:00
C79997,Math,P85463,Prof. Brown,"S59219,S71417,S47628,S30437,S49224,S38955,S14432,S50755,S00404,S24215,S71316,S15846,S60821,S36695,S51835,S36435,S55814",Monday,11:00,8,29,29,
C77472,Philosophy,P40261,Prof. Wilson,"S08049,S73671,S10794,S12032,S61367,S54971,S92145,S14383,S08929,S09158,S20134,S81956,S15779,S00819,S94317,S96021",Thursday,16:00,45,24,28,Friday-12:00
C62701,Math,P50477,Prof. Miller,"S64622,S00680,S76750,S61035,S21113,S22233,S33661,S79527,S32357,S15472,S23742,S91649,S20120,S91918,S16066,S97225,S92491,S92788,S86595,S58702,S20490,S61608,S90982,S85190,S20023,S74327,S37241,S61815",Monday,10:00,50,35,29,
C22689,Chemistry,P85010,Prof. Miller,"S57255,S69067,S75197,S45990,S73838,S94093,S71469,S94002,S41820,S08948,S55484,S51222,S03575,S80875,S22559,S08686,S90137,S47872,S39216,S08201,S21286,S03911,S60325",Friday,12:00,8,35,21,Thursday-13:00
C52114,Biology,P00222,Prof. Brown,"S91063,S96466,S46834,S29171,S93717,S57894,S90438,S88713,S12945,S42468,S36846,S78764,S79667,S67764,S55330,S13103,S40447,S73644,S39519,S05070,S27869,S81295,S37774,S29912,S42029,S20364",Tuesday,15:00,13,29,22,Wednesday-12:00
C98910,Biology,P29835,Prof. Smith,"S47402,S55668,S14731,S06734,S51642,S28088,S53962,S99650,S60885,S89015,S77215,S27608,S86386,S80401,S34003,S69063,S99931,S86931,S14437,S64865,S26479,S87113,S06616,S90403",Thursday,14:00,16,32,22,Wednesday-12:00
C02999,Physics,P48790,Prof. Johnson,"S31330,S95869,S71094,S21117,S17484,S78860,S61075,S06177,S82685,S51810,S86456,S66725,S90856,S03768,S45655",Tuesday,10:00,28,22,33,Tuesday-11:00
C35073,Biology,P81476,Prof. Smith,"S32142,S60695,S62863,S25232,S18085,S98186,S11790,S93789,S70372,S55514,S84424,S88522,S46918,S40543,S37385,S76956,S62488,S93232,S62107,S76161,S90528,S10532,S40848,S48489,S82229,S26970,S07670,S76409,S78138,S50644",Monday,14:00,16,32,22,Wednesday-12:00
C22494,Physics,P39005,Prof. Wilson,"S92211,S25072,S44807,S19109,S58254,S13044,S14808,S60338,S51814,S37957,S92323,S40967,S40128,S74737,S27515,S88279,S70166,S33593,S67611,S63931,S63992,S63705,S08671",Tuesday,12:00,49,24,33,Tuesday-11:00
C30860,Economics,P25467,Prof. Smith,"S97989,S95480,S69694,S15833,S67506,S75696,S29621,S48646,S30569,S49374,S46081,S56506,S29190,S05539,S65549,S55595,S55934,S23115,S66925",Tuesday,11:00,41,32,24,Tuesday-14:00
C42143,Chemistry,P38623,Prof. Miller,"S30937,S10282,S88781,S93604,S95526,S01916,S83049,S78047,S03319,S68083",Wednesday,16:00,35,35,21,Thursday-13:00
C08288,History,P03122,Prof. Smith,"S89094,S29576,S28652,S40006,S32604,S23452,S87681,S39525,S87246,S65721,S17088,S59897,S54031,S91845",Monday,13:00,15,32,26,Friday-14:00
C92512,CS,P89202,Prof. Davis,"S83497,S62707,S47611,S19791,S84615,S89496,S23822,S80721,S38157,S25788,S10956,S77569,S37516,S83789,S26534,S15855,S82713,S94650,S25884,S56694,S23076,S98977,S78174",Friday,12:00,19,21,17,
C94846,Philosophy,P51092,Prof. Brown,"S84152,S23681,S90949,S21251,S52002,S06792,S29373,S22772,S43739,S68683,S04684,S96473,S57681,S65050,S41100,S83590,S40892,S67569,S10722,S47842,S81037,S74557,S87821,S62443,S82179,S51017,S55480,S16189",Friday,16:00,40,29,28,Friday-12:00
C99038,Physics,P22520,Prof. Smith,"S36488,S77049,S46100,S93560,S32018,S57526,S26813,S74432,S75273,S87221,S86824,S51733,S16441,S61649,S18742,S61980,S30020,S63082,S55321,S63101,S85161,S72724,S81875,S84381,S26899,S77037",Thursday,14:00,10,32,33,Tuesday-11:00
C92222,Chemistry,P62455,Prof. Brown,"S95773,S83504,S43236,S77390,S79568,S17995,S88211,S70191,S88879,S80437,S59931,S04926,S20073,S17218,S84806,S00835,S31870,S74779,S21290,S20406",Wednesday,10:00,15,29,21,Thursday-13:00
C24502,Physics,P81930,Prof. Johnson,"S50784,S70143,S57697,S98717,S56677,S33584,S54882,S51016,S51612,S74983,S68592",Tuesday,16:00,8,22,33,Tuesday-11:00
C41287,Physics,P62637,Prof. Wilson,"S23168,S41882,S32417,S13622,S27068,S06836,S80133,S66012,S11107,S52831,S25264,S39468,S82213,S86456,S93172,S94970,S93105,S83445,S88463,S02472,S27379,S17126,S38711,S75385,S19137,S22178,S63453,S23978,S17386",Thursday,09:00,17,24,33,Tuesday-11:00
C84317,Math,P32345,Prof. Johnson,"S08273,S25661,S32657,S50509,S42694,S95433,S81303,S38460,S27299,S51773,S03390,S78199,S03331,S70912,S68195,S10284,S42171,S08210,S17457,S13305,S15599,S38217,S81103",Friday,11:00,26,22,29,
C13086,Math,P44938,Prof. Davis,"S34465,S15146,S09512,S84983,S41339,S58768,S75338,S62092,S27471,S94369,S86232,S98018,S70293,S37686,S88703,S57763,S10110,S29922,S94164,S49997,S41505,S80622,S15744,S08477,S34539,S39248,S20091,S76616,S36959,S35725",Thursday,15:00,18,21,29,
C73444,History,P45612,Prof. Davis,"S76667,S91889,S33087,S74661,S77708,S21793,S97485,S66432,S76534,S08307,S32408,S73437,S92986,S28885,S45307,S73638",Tuesday,13:00,25,21,26,Friday-14:00
C72684,Biology,P04900,Prof. Brown,"S09514,S58485,S48824,S44356,S86040,S41000,S64711,S14696,S75952,S09777,S13021,S10528,S72762,S94730,S51423,S79481,S80539,S77682,S43577,S01640,S26721,S50042,S83846,S00008",Tuesday,16:00,46,29,22,Wednesday-12:00
C17448,Physics,P46214,Prof. Wilson,"S55854,S96282,S09943,S77601,S19837,S21408,S13252,S47567,S52407,S48766,S58362,S64978,S48572,S81063,S06376,S14829,S82092,S66513,S45847,S42081,S21281,S80298,S18999,S12644,S50651,S75799,S38966,S37912,S26905",Tuesday,16:00,26,24,33,Tuesday-11:00
C15074,Physics,P62865,Prof. Miller,"S62191,S08030,S87307,S75957,S95454,S59634,S34379,S19599,S55418,S29729,S05344,S66298,S23155,S67370,S56728,S73975,S35514,S18950,S08678,S83209",Wednesday,16:00,23,35,33,Tuesday-11:00
C21823,Chemistry,P80449,Prof. Miller,"S69879,S52311,S64974,S73873,S70440,S42747,S35211,S39252,S00878,S65582,S85744,S00215",Tuesday,12:00,19,35,21,Thursday-13:00
C95577,Math,P92752,Prof. Miller,"S06731,S51475,S27150,S61549,S77843,S37348,S85498,S24777,S58212,S85239,S54635",Monday,13:00,24,35,29,
C93859,History,P99107,Prof. Miller,"S03444,S32400,S39300,S68673,S29678,S51699,S10862,S02687,S30100,S38894,S78188,S78643,S60175,S66407,S18594",Tuesday,14:00,24,35,26,Friday-14:00
C52808,Chemistry,P60762,Prof. Brown,"S27643,S76804,S76855,S92123,S93927,S11757,S74755,S87582,S98118,S13011,S23069,S77113,S08694",Wednesday,12:00,35,29,21,Thursday-13:00
C13993,Physics,P25411,Prof. Smith,"S21850,S23625,S49197,S26514,S82749,S89801,S31916,S88760,S49924,S88298,S70100,S00958,S02200,S92337",Thursday,11:00,18,32,33,Tuesday-11:00
C68102,Math,P11336,Prof. Miller,"S69222,S55970,S78044,S20465,S98107,S15753,S88861,S03964,S78587,S04157,S49733,S27025,S27849,S07600,S66304,S87156,S01326",Monday,10:00,8,35,29,
C34916,History,P68453,Prof. Wilson,"S78692,S32504,S07530,S39613,S39569,S70979,S35394,S16896,S93116,S06099,S49514,S00898,S07698,S63213",Friday,13:00,30,24,26,Friday-14:00
C72466,Economics,P04582,Prof. Brown,"S47748,S95341,S80103,S43234,S39400,S52927,S70176,S29207,S91377,S98386,S78726,S14804,S82064,S10694,S78261,S28518,S99718,S68357,S10747,S38309,S03031,S38483,S51939,S22654,S36070,S55298",Friday,15:00,21,29,24,Tuesday-14:00
C55610,Biology,P53674,Prof. Miller,"S71635,S18473,S47697,S99884,S02279,S11398,S87116,S86425,S49278,S20371,S53392,S56012,S11235,S95114,S43181,S71116,S31730,S95901,S23687,S69965,S11626,S59958,S30462,S47453,S14672,S85389,S22009,S98842,S33663,S76061",Friday,15:00,20,35,22,Wednesday-12:00
C73672,Philosophy,P99042,Prof. Smith,"S27845,S41588,S52875,S68338,S27552,S64257,S51397,S07817,S84657,S40956,S19591,S67452,S36960,S95329,S71549,S09572,S35695,S44726,S45759,S10866,S22721,S77602,S02654,S67795,S01423,S96706,S47231,S50411,S42498,S18707",Monday,14:00,38,32,28,Friday-12:00
C69906,Biology,P58235,Prof. Wilson,"S45148,S23196,S03834,S02798,S87491,S40773,S51266,S48955,S44112,S77457,S78594,S49896,S13979,S02991,S70106,S19613,S23824,S69600,S59589,S22887",Wednesday,14:00,14,24,22,Wednesday-12:00
C03716,Chemistry,P52320,Prof. Davis,"S14476,S85458,S41182,S01033,S77354,S36149,S53116,S26230,S30648,S11345,S34251,S83466,S36090,S41990,S65280,S54217,S94688,S59573",Wednesday,11:00,34,21,21,Thursday-13:00
C80756,Math,P95030,Prof. Miller,"S33764,S01538,S74363,S39064,S13348,S08997,S06458,S38285,S14623,S29562,S98668,S90399,S51800,S32328,S09592,S64413,S94699",Friday,11:00,30,35,29,
C47921,Philosophy,P47234,Prof. Brown,"S09950,S03381,S85405,S14271,S19955,S63486,S57756,S65216,S60697,S05266,S92683,S92229,S17837,S43974,S10580",Monday,13:00,15,29,28,Friday-12:00
C44761,CS,P47096,Prof. Johnson,"S59698,S85180,S06907,S59741,S99792,S40284,S44535,S12085,S20034,S29543,S02034,S42404,S42177,S81738,S11043,S60793,S85626,S27387,S72277,S98925,S28131,S98189,S55156,S81217",Thursday,16:00,39,22,17,
C41146,Philosophy,P82868,Prof. Smith,"S11609,S24053,S78703,S93246,S53870,S97943,S90647,S52849,S56085,S63096,S05019",Tuesday,16:00,37,32,28,Friday-12:00
C43340,CS,P84250,Prof. Johnson,"S62112,S19082,S07217,S29696,S50110,S06227,S82613,S57134,S65138,S49754,S03898,S71144,S59345",Monday,15:00,40,22,17,
C30490,Philosophy,P47658,Prof. Smith,"S88310,S02632,S33558,S38871,S27858,S68637,S37119,S95186,S38662,S85603,S51376,S99557,S82036,S10744",Monday,11:00,36,32,28,Friday-12:00
C92497,Biology,P73740,Prof. Williams,"S59824,S56145,S81152,S71384,S67286,S91270,S97045,S65137,S42376,S70747,S90471,S83858,S60644,S44037,S56256,S66906,S67535,S65034,S20217,S18096,S62870,S96095,S85942",Wednesday,13:00,27,18,22,Wednesday-12:00
C90411,Physics,P69167,Prof. Wilson,"S89766,S19287,S08067,S67148,S41416,S46840,S73053,S53194,S15566,S89238,S15635,S49077,S52172,S53572,S66874,S46847,S15217,S76918,S19518,S67168",Tuesday,09:00,11,24,33,Tuesday-11:00
C15686,Physics,P34326,Prof. Williams,"S84579,S10507,S67072,S85740,S85529,S55947,S82122,S84172,S52546,S39433,S87815,S91989,S17656,S43014,S12078,S82627,S27777,S11565,S83572,S46695,S76002",Tuesday,12:00,38,18,33,Tuesday-11:00
C28866,Math,P69618,Prof. Jones,"S84487,S03830,S18154,S60377,S34487,S46031,S60940,S39404,S48808,S32524,S71784,S39740,S53581,S64357,S75752,S62732,S58751,S04722,S90268,S10977,S96508,S90391",Wednesday,11:00,22,19,29,
C79635,Chemistry,P63852,Prof. Davis,"S86083,S38546,S95679,S98175,S39606,S95221,S14783,S38216,S64330,S11285,S58653,S65279,S80183,S47701,S72024,S37558,S34965,S66100,S97308,S02080,S10820,S19375,S68360",Monday,15:00,12,21,21,Thursday-13:00
C56809,Biology,P01649,Prof. Brown,"S25459,S65872,S95880,S06956,S68457,S70195,S06585,S14545,S58880,S84866,S42412,S61888,S76833,S92067,S72797,S41505,S77348,S75514,S15028",Monday,09:00,24,29,22,Wednesday-12:00
C09957,Physics,P73572,Prof. Johnson,"S67592,S17201,S62313,S22845,S50136,S24545,S26034,S56286,S11156,S71441,S52255,S39135,S52571,S69714,S84747,S68850,S50969,S85136,S34404,S04839,S96402",Friday,13:00,20,22,33,Tuesday-11:00
C98839,Chemistry,P05146,Prof. Johnson,"S91675,S11483,S50531,S80918,S38312,S42525,S64563,S12051,S14882,S96050,S48567,S71016,S60959,S40895,S81589,S88586,S09962,S79657,S27691,S11877,S77445,S28938,S40281",Tuesday,15:00,18,22,21,Thursday-13:00
C22970,Biology,P57813,Prof. Miller,"S13761,S59087,S43185,S35903,S01558,S42115,S61568,S12964,S31758,S00312,S82763",Thursday,13:00,16,35,22,Wednesday-12:00
C32965,Economics,P43975,Prof. Jones,"S22744,S26671,S91767,S29828,S92460,S68622,S46707,S18016,S56864,S08458,S69284,S06248,S85343,S64796,S86564,S79776,S11848,S35195,S02461,S53692,S62899,S70696,S94631,S19119,S48198,S18002,S38121,S80333,S82379",Monday,13:00,18,19,24,Tuesday-14:00
C54646,Chemistry,P78905,Prof. Smith,"S32469,S58430,S89391,S58722,S57343,S62994,S11777,S78892,S58291,S64812,S09988,S90971,S47351,S25302,S60705,S14661,S97259,S50138,S67133,S61988,S60963,S73292,S56449,S01897,S62337,S81018",Thursday,14:00,44,32,21,Thursday-13:00
C43583,History,P66056,Prof. Wilson,"S13868,S05280,S44585,S00063,S03749,S76352,S74634,S91356,S35553,S47868,S77289,S25520,S45579,S97434,S63658,S80080,S74930,S72456,S14493,S77654,S38601,S72156,S48336,S59772",Friday,16:00,47,24,26,Friday-14:00
C36021,Biology,P11257,Prof. Davis,"S97384,S61702,S17769,S38418,S58050,S33736,S41170,S44310,S67806,S18322,S82665,S84402,S17675,S70102",Thursday,13:00,5,21,22,Wednesday-12:00
C39977,Economics,P28850,Prof. Williams,"S27186,S37197,S28331,S41851,S93983,S98497,S26318,S51738,S52037,S16843,S85278,S09876,S60955,S24516,S27914,S10242,S61114,S26510,S34015,S54262",Monday,11:00,37,18,24,Tuesday-14:00
C57117,Chemistry,P46648,Prof. Davis,"S92890,S02171,S50893,S69717,S45753,S44562,S43231,S54146,S42833,S23292,S58941,S12441,S85191,S38203,S22986,S74503,S84942,S88503,S21975,S16959,S42613,S49542,S57678,S63943,S07250,S37873,S26594,S74502,S35148",Friday,13:00,49,21,21,Thursday-13:00
C47514,History,P31056,Prof. Jones,"S21665,S88482,S50679,S80882,S91697,S21838,S67550,S52352,S14964,S69378,S64059,S58824,S58458,S49696,S28925,S34233,S60602,S13013,S18808,S55446,S14677,S81929,S29822,S80355",Monday,13:00,19,19,26,Friday-14:00
C43454,Biology,P89892,Prof. Davis,"S99071,S67357,S06321,S60551,S51416,S84276,S67115,S26184,S06640,S53873",Wednesday,16:00,12,21,22,Wednesday-12:00
C73803,Math,P13836,Prof. Johnson,"S41662,S85548,S40498,S92667,S03313,S33486,S46053,S83089,S20829,S11610,S15113,S24991,S65599,S05182,S90062,S27210,S06461,S18459,S38592,S08795,S29030,S87322,S81529,S30778,S71432,S86625,S80830,S64859",Wednesday,13:00,11,22,29,
C14620,Math,P34133,Prof. Johnson,"S96824,S43840,S81914,S60289,S00304,S43891,S39489,S22312,S02255,S01786,S88594,S27839,S85741,S70367,S75901,S67254,S89100,S86099,S79746,S93349",Tuesday,11:00,28,22,29,
C78680,Biology,P97008,Prof. Johnson,"S21303,S81077,S28862,S49563,S32771,S68266,S31711,S36152,S54195,S56548,S63911,S02888,S78720,S99731,S60673,S90419,S22570,S88852,S50895,S63595,S99657",Monday,16:00,35,22,22,Wednesday-12:00
C29135,CS,P27865,Prof. Jones,"S12492,S03818,S39591,S88258,S70253,S00394,S33485,S06167,S59356,S28532,S14681,S65637,S27002,S07165,S03532,S97621,S20630",Friday,12:00,40,19,17,
C72033,Philosophy,P42180,Prof. Wilson,"S54407,S88664,S54970,S83956,S98128,S01690,S10311,S82736,S84448,S99953,S54570,S61594,S55288,S42536,S40230,S78765,S11886,S21490,S31079,S33330",Wednesday,11:00,10,24,28,Friday-12:00
C20684,Physics,P65405,Prof. Smith,"S69813,S36729,S44537,S18705,S15781,S27828,S03271,S74086,S81573,S54486,S38665,S44204,S13443,S51028,S73986,S26984,S64593,S11912,S18157,S28875,S24697,S58409,S43077,S31644,S49989",Wednesday,11:00,25,32,33,Tuesday-11:00
C04354,Philosophy,P61837,Prof. Jones,"S80609,S43466,S23686,S43716,S61570,S27881,S31558,S93442,S00117,S49664,S62401,S52609,S18519,S21131,S37948,S49027,S85431,S42366,S08995,S21149,S36517,S53190",Thursday,16:00,10,19,28,Friday-12:00
C42303,CS,P55700,Prof. Smith,"S52380,S37710,S50056,S04611,S18301,S11811,S44431,S49904,S49149,S24651,S90046,S83823,S63067,S49079,S18094,S74773,S77733,S13921,S32511,S95150,S96326,S07986",Monday,13:00,39,32,17,
C81388,Math,P62165,Prof. Smith,"S70333,S48791,S14840,S52466,S06432,S37060,S52079,S31010,S82949,S94915,S80378,S24324,S92992,S81020,S78106,S75186,S26235,S13863,S65365,S73612",Thursday,12:00,39,32,29,
C21221,Economics,P82890,Prof. Davis,"S11711,S65395,S14934,S80458,S40549,S38671,S58755,S72120,S76434,S39886,S78317,S70890,S04508,S24296,S95665,S36927,S62427,S36881,S40661,S65971,S83234",Thursday,13:00,11,21,24,Tuesday-14:00
C11480,Physics,P53839,Prof. Wilson,"S04205,S84283,S91841,S05957,S83725,S49200,S20552,S81886,S04397,S58787",Friday,10:00,21,24,33,Tuesday-11:00
C14510,Biology,P04872,Prof. Jones,"S34339,S62298,S49866,S99669,S38681,S46401,S94150,S39463,S44785,S09585,S32804,S58692,S09336,S20201,S06351,S41853,S66221",Tuesday,09:00,14,19,22,Wednesday-12:00
C53995,History,P67977,Prof. Brown,"S76575,S95423,S34679,S62276,S27724,S08193,S29171,S72035,S15635,S41382,S22010,S89091,S09720,S31760,S97006,S04767,S77826,S95563,S59330,S81870,S50554,S07978,S07274,S16118,S23901",Tuesday,15:00,21,29,26,Friday-14:00
C18984,Physics,P41388,Prof. Williams,"S81842,S69048,S13063,S45226,S91121,S09896,S98714,S25274,S41594,S82976,S21283,S13254",Thursday,14:00,44,18,33,Tuesday-11:00
C15834,Philosophy,P35961,Prof. Davis,"S04119,S47325,S79275,S62219,S61490,S98622,S36207,S75994,S12460,S01309,S13496,S41754,S94062,S88602,S41434,S53791,S49318,S42432,S37988,S80573,S84619,S90687,S05829,S57729,S00020,S20907,S33512,S31560",Thursday,12:00,48,21,28,Friday-12:00
C47814,Math,P66729,Prof. Wilson,"S47601,S58275,S42952,S08259,S04881,S73454,S07651,S75567,S09655,S61973,S86408,S37306,S42069,S45254,S37755,S46080,S77992,S73659,S23086,S60046,S05969,S26931",Monday,09:00,11,24,29,
C15340,Math,P91220,Prof. Wilson,"S74383,S73813,S92377,S20668,S59577,S87735,S12290,S69234,S73377,S03032,S66202,S90198,S25614,S57332,S16759,S31318,S70459,S11891,S67727,S55487",Wednesday,09:00,37,24,29,
C97404,Economics,P68819,Prof. Brown,"S51256,S12511,S05610,S00802,S96145,S10265,S51544,S90007,S12703,S66680,S11922,S54298,S08627,S37547,S63625,S52196,S30307,S72399,S86970,S08085,S84568,S85920,S29160,S28342",Tuesday,10:00,34,29,24,Tuesday-14:00
C00247,Math,P49171,Prof. Brown,"S16452,S75503,S59862,S99540,S83536,S95519,S63223,S41396,S96557,S94587,S56588,S54703,S30756,S51537,S04142,S75046,S28453,S42012,S93286,S28069,S49363,S50644",Thursday,15:00,16,29,29,
C02570,Biology,P55530,Prof. Davis,"S42799,S18166,S02793,S07950,S79132,S13795,S57258,S75650,S78812,S13728,S24702,S66145,S43639,S82441,S89520,S63751,S05050,S31094,S01396,S86097,S09307,S80471,S86655,S50382,S75865",Thursday,14:00,23,21,22,Wednesday-12:00
C13910,Philosophy,P48905,Prof. Miller,"S03929,S08556,S40186,S31361,S75569,S72534,S22354,S18534,S40859,S65767,S44217,S22663,S92547,S17625,S75987,S52365,S41059,S25281,S96479,S46535,S81478,S10163,S91828,S21442",Tuesday,10:00,13,35,28,Friday-12:00
C78287,History,P66867,Prof. Smith,"S28888,S98465,S50908,S59063,S45711,S72401,S89031,S98429,S55071,S90805,S04783,S88455,S51049,S78385,S24617,S17717,S24859,S28249,S57351",Wednesday,15:00,32,32,26,Friday-14:00
C51184,Math,P42561,Prof. Johnson,"S39441,S84122,S05018,S15801,S55844,S71157,S08222,S96804,S29362,S55615",Friday,15:00,9,22,29,
C42758,Physics,P31306,Prof. Smith,"S77956,S70434,S93645,S21402,S02325,S95456,S10122,S57638,S31019,S97887,S01024,S15880,S03399,S34106,S28645,S66766,S72477,S93854,S69058,S43384,S00662,S06738",Friday,10:00,48,32,33,Tuesday-11:00
C73725,Physics,P40787,Prof. Jones,"S82044,S22260,S21282,S63519,S36873,S07073,S91212,S48697,S45921,S74694,S12344",Friday,15:00,25,19,33,Tuesday-11:00
C93225,Philosophy,P96353,Prof. Wilson,"S88820,S94492,S07835,S13847,S00952,S76514,S90219,S03798,S62866,S21907,S27103,S74665,S43801,S25085,S40611,S57067,S19626,S92927,S18437,S06209,S76854,S18629,S60708",Thursday,11:00,22,24,28,Friday-12:00
C06251,Economics,P29307,Prof. Smith,"S16789,S40224,S91270,S31906,S60653,S82061,S17150,S13236,S84296,S77247,S20963,S99044,S05554,S34244,S77286,S63766,S36675,S86313,S09576,S04338,S15667,S24586,S19351,S52967,S10233,S54450,S92818",Tuesday,10:00,16,32,24,Tuesday-14:00
C95424,History,P24415,Prof. Wilson,"S26813,S88867,S60843,S15761,S94010,S01695,S27863,S75756,S90437,S78094,S40716,S23173,S75339",Monday,12:00,10,24,26,Friday-14:00
C94289,Economics,P19807,Prof. Brown,"S99377,S77815,S87193,S29679,S80313,S64841,S24119,S31964,S10493,S58383,S75017,S82382,S20371,S59820,S84924,S63624,S46319,S40980,S47147,S75603,S66220,S25861,S21199,S83948",Monday,09:00,28,29,24,Tuesday-14:00
C60961,Economics,P43437,Prof. Brown,"S17880,S77261,S73542,S13874,S93067,S31462,S84671,S50274,S91261,S58207,S54208,S68914,S27375,S35048,S01665",Thursday,12:00,39,29,24,Tuesday-14:00
C68514,Philosophy,P25996,Prof. Smith,"S73186,S70976,S26955,S54385,S89218,S71858,S56623,S70431,S55220,S91545,S72076,S64284,S23343,S10723,S57758,S25835,S15060,S72577,S16510,S21158,S64827,S97881,S41169,S55915,S94087",Wednesday,09:00,21,32,28,Friday-12:00
C43212,Economics,P97172,Prof. Wilson,"S58833,S83401,S68079,S37794,S17948,S91337,S07209,S96332,S67481,S93650,S47337,S63350,S51154,S38335,S34068,S19146,S34604,S91875,S97844,S81088,S89871,S57978",Wednesday,10:00,35,24,24,Tuesday-14:00
C83437,Physics,P31673,Prof. Williams,"S53604,S24485,S95481,S71720,S46013,S63613,S37284,S15662,S81456,S43897,S81231,S17699,S46752,S16229,S17345,S41541,S45312,S35397,S72961,S25318,S45994,S17560",Monday,13:00,27,18,33,Tuesday-11:00
C78943,Philosophy,P68075,Prof. Johnson,"S96704,S87748,S36970,S71991,S15532,S14219,S10381,S96371,S78274,S33889,S39666,S97324,S64506,S04918,S75609,S84710,S56720,S47797,S38508,S83433,S86571,S45598,S74286,S76965,S25029,S10075,S73069",Tuesday,11:00,42,22,28,Friday-12:00
C69922,History,P70502,Prof. Davis,"S45542,S71423,S95347,S54080,S94305,S24908,S18910,S37296,S37922,S23612,S19871,S08893,S27679,S14826,S75073,S61647,S69085,S93034,S99171,S08868,S35631",Tuesday,14:00,48,21,26,Friday-14:00
C30908,Biology,P81335,Prof. Johnson,"S84163,S00466,S86836,S76874,S85279,S97005,S90770,S49474,S17175,S36089,S80271,S46650,S99281,S49674,S50166,S52664,S74297,S83323,S15184",Tuesday,11:00,7,22,22,Wednesday-12:00
C58738,CS,P83171,Prof. Miller,"S80710,S64542,S31953,S79454,S15884,S68505,S26583,S42712,S20388,S44418",Friday,16:00,21,35,17,
C92788,Biology,P05123,Prof. Miller,"S64649,S26700,S06841,S98090,S03626,S73296,S36939,S73907,S80442,S35862,S17556,S01958,S19109,S79615",Tuesday,10:00,21,35,22,Wednesday-12:00
C93787,History,P42806,Prof. Williams,"S58569,S57201,S47362,S91101,S13146,S19233,S65326,S32901,S95991,S97271,S05846,S35761,S55086,S78694,S51918,S17746,S76852,S24590,S20199,S18851,S57921,S71330,S61290,S84103,S84990,S19724,S80709,S03807,S86106,S37274",Monday,16:00,36,18,26,Friday-14:00
C54981,Philosophy,P72274,Prof. Davis,"S08592,S11830,S46706,S09458,S96488,S51619,S65295,S88604,S53965,S62778,S44183,S41977,S16920,S17971,S71713",Friday,12:00,9,21,28,Friday-12:00
C98554,Chemistry,P04763,Prof. Williams,"S86467,S21013,S58205,S48222,S40942,S84756,S27735,S08863,S66139,S48272,S59708,S46171,S40221,S38417,S19018,S14634,S64959,S59509,S45447",Wednesday,13:00,25,18,21,Thursday-13:00
C86972,CS,P80446,Prof. Miller,"S68002,S48750,S54346,S84589,S60553,S48694,S21531,S36026,S00259,S72314,S15471,S86574,S60117,S76586",Friday,16:00,12,35,17,
C90696,History,P56190,Prof. Brown,"S34374,S70249,S55831,S78934,S77446,S67032,S59019,S33097,S51717,S50322,S56449,S29293,S63104,S92985,S67170,S96687,S29902,S29521,S63474,S88864,S15476,S22833,S74649,S31793,S95568,S25927",Friday,16:00,23,29,26,Friday-14:00
C66123,Philosophy,P06004,Prof. Wilson,"S06541,S36999,S57796,S66004,S24163,S46510,S43547,S04673,S61009,S84624,S91055,S34760,S16501,S78098,S98667,S58075,S90538,S46153,S65815,S17790,S53056",Tuesday,09:00,46,24,28,Friday-12:00
C81884,Math,P75525,Prof. Wilson,"S12723,S67524,S72993,S09395,S33875,S86657,S14759,S32738,S13909,S69800,S12784,S10156,S45171,S80792,S87589,S51318,S27111",Wednesday,14:00,25,24,29,
C13246,Biology,P07760,Prof. Smith,"S77002,S01140,S86206,S82194,S24420,S16054,S53856,S26236,S72099,S72990,S50489,S23352,S19060,S97179,S42916,S48565,S43267,S06365,S23130",Friday,11:00,11,32,22,Wednesday-12:00
C70313,Physics,P82131,Prof. Smith,"S76818,S76411,S02964,S29637,S27132,S45325,S05352,S00164,S25990,S98338,S71150,S23531,S03525,S03748,S08899,S82021,S55813,S52108,S23669,S15064,S29951,S95568,S19882,S22631",Thursday,12:00,30,32,33,Tuesday-11:00
C36809,Biology,P68286,Prof. Johnson,"S96342,S86789,S46686,S52393,S02132,S47816,S13380,S20034,S85697,S83439,S58944,S87300,S31178,S34709,S77254,S37353,S47435,S08084,S39846,S35869,S74377,S26897,S87252,S83306,S40762,S50261,S84620,S13339,S39562,S67022",Tuesday,16:00,40,22,22,Wednesday-12:00
C44097,Biology,P46314,Prof. Smith,"S47461,S20923,S95304,S94834,S96437,S99508,S10371,S26741,S12800,S18545,S23763,S97619,S79755,S29491,S49613,S65340,S97068,S04559,S15019,S98580,S39388,S65333,S54997,S87983,S24306,S54175",Wednesday,09:00,35,32,22,Wednesday-12:00
C76179,Physics,P88841,Prof. Miller,"S01956,S07856,S69121,S12722,S09243,S47426,S54905,S82773,S99936,S45828,S11016,S28961,S42914,S12203,S61996,S82669,S45146,S19489,S35351,S00346,S29164",Monday,15:00,17,35,33,Tuesday-11:00
C22284,CS,P70461,Prof. Brown,"S28887,S35474,S72606,S25501,S49217,S53175,S16553,S80875,S88745,S58173,S37723,S16144,S04780,S25237,S26391",Friday,16:00,43,29,17,
C86441,Philosophy,P23956,Prof. Brown,"S85901,S96676,S48548,S30413,S73221,S15813,S24448,S81137,S04781,S49931,S88738,S64351,S56781,S13472,S74569,S71779,S85371,S57374,S25679,S09566,S95581,S99418,S24391,S82243,S20700,S14002,S73920",Tuesday,12:00,10,29,28,Friday-12:00
C72431,Math,P90393,Prof. Williams,"S91635,S14290,S94861,S28992,S05639,S97078,S48329,S98080,S78648,S12780,S68078,S06541,S75543,S43465,S87714",Monday,14:00,36,18,29,
C14359,Economics,P39338,Prof. Williams,"S38568,S65183,S54895,S87317,S39538,S73270,S80745,S04501,S71169,S63990,S08319,S62007,S02767,S81689,S29184,S65519,S43441,S97289,S90320,S13220,S20657,S68064,S84041,S46923,S51584,S17005",Wednesday,10:00,30,18,24,Tuesday-14:00
C89943,Philosophy,P48628,Prof. Miller,"S74641,S17726,S01541,S74948,S26170,S97088,S13300,S35702,S99283,S03972,S14403,S94330,S01507,S88881,S63731,S57679,S93601,S62289,S85682,S30015,S30012,S21325,S22481,S59079,S80603,S73671,S78162,S65646,S79248",Thursday,11:00,41,35,28,Friday-12:00
C35539,Philosophy,P63719,Prof. Smith,"S48652,S08896,S75218,S19249,S65925,S17980,S01944,S29796,S68714,S57323,S92831,S47959,S38168,S53206",Tuesday,15:00,47,32,28,Friday-12:00
C61228,CS,P80421,Prof. Miller,"S23725,S02845,S37752,S72974,S41732,S84362,S17720,S81875,S39242,S48364,S10413,S42600,S96035,S96120,S60247,S10970",Friday,16:00,37,35,17,
C12479,Math,P03004,Prof. Brown,"S95207,S24932,S07178,S30663,S68642,S53589,S76347,S69541,S68287,S80648,S10085,S52908,S62011,S95763",Tuesday,16:00,23,29,29,
C89396,Physics,P42900,Prof. Davis,"S02104,S84235,S48860,S93486,S18824,S42039,S58021,S97226,S47242,S26341,S22145,S73378,S43376,S16732,S45998,S88492,S05215,S34637,S54650,S87945,S51443,S99846",Wednesday,11:00,20,21,33,Tuesday-11:00
C53914,History,P91403,Prof. Smith,"S50959,S74631,S15357,S08174,S36236,S33406,S34285,S94989,S14041,S03221,S56423,S35253",Thursday,11:00,24,32,26,Friday-14:00
C40604,History,P59971,Prof. Miller,"S85793,S58558,S16427,S78458,S09885,S12649,S53710,S65935,S31635,S68863,S84883,S30174,S10289,S82920,S28090,S62564,S81571,S78128,S19856,S76443,S34816,S60829,S79773,S83572,S34124",Wednesday,11:00,6,35,26,Friday-14:00
C13878,CS,P99006,Prof. Brown,"S25360,S89642,S38010,S39128,S93822,S51482,S36929,S23258,S76444,S73548,S03064,S86753,S93757,S48237,S88345,S25684,S41385,S02671,S09665,S24857,S92588,S95046",Friday,09:00,32,29,17,
C72068,Physics,P04339,Prof. Jones,"S69214,S96042,S60706,S99345,S49745,S50123,S84461,S80350,S77960,S18283,S40881,S06226,S78406,S24514,S94645,S33955,S00842,S88478,S19425,S50486,S88349",Thursday,09:00,20,19,33,Tuesday-11:00
C09689,Philosophy,P56081,Prof. Jones,"S48949,S98122,S07407,S77460,S95882,S74954,S18680,S19049,S11708,S80589,S92269,S43321,S68965,S62688,S58306,S99930,S88400,S67247,S88294,S21032,S58220,S26732,S09336,S31291,S97761,S55630,S76446,S82404",Thursday,09:00,43,19,28,Friday-12:00
C88976,Math,P26672,Prof. Miller,"S47889,S08019,S52676,S95967,S94581,S34678,S24032,S92541,S05467,S50517,S95668,S13592,S94180",Friday,09:00,14,35,29,
C55811,Physics,P90084,Prof. Wilson,"S34942,S41032,S24775,S49670,S91451,S74368,S97639,S81802,S15976,S18879,S77715,S37720,S97786,S39832,S60836,S03780,S27693,S08062,S80252,S99229,S45738",Friday,11:00,17,24,33,Tuesday-11:00
C96205,CS,P43043,Prof. Brown,"S08992,S94897,S53104,S42471,S68249,S07184,S07473,S36730,S64041,S97513,S58707,S45189,S45913,S30094,S71024",Friday,16:00,8,29,17,
C42634,CS,P26394,Prof. Williams,"S43928,S73653,S71978,S35018,S02306,S49514,S56180,S01249,S94375,S56195,S36267,S84529,S40381,S90604,S74017,S24297,S82030",Monday,15:00,40,18,17,
C36401,Math,P02857,Prof. Wilson,"S91569,S48002,S76739,S13649,S35608,S37333,S42623,S98584,S88562,S84812,S97637,S96687",Friday,14:00,19,24,29,
C73058,Physics,P08175,Prof. Jones,"S76161,S04055,S74369,S20264,S92088,S60666,S19564,S27479,S00298,S63442,S20615,S58595,S88307,S31233",Wednesday,10:00,46,19,33,Tuesday-11:00
C16099,Economics,P46837,Prof. Johnson,"S93388,S28144,S25666,S60813,S50381,S72036,S63862,S12848,S66936,S98794,S57906,S96979,S70815,S95502,S87511,S19961,S12593,S98170,S52348,S73030,S54481,S17898,S64524,S19823,S37830,S82814,S84176,S85044",Tuesday,10:00,24,22,24,Tuesday-14:00
C27409,History,P29661,Prof. Williams,"S54233,S87570,S99579,S48829,S50426,S50662,S12711,S49457,S42305,S81820,S14334,S58948,S41942,S86978,S59000,S17711,S89078,S05807,S58816,S48125,S42506,S97779,S00686,S31279,S29190,S06555,S45976,S29336,S78653",Tuesday,16:00,16,18,26,Friday-14:00
C49877,History,P49243,Prof. Wilson,"S34068,S91038,S73105,S26366,S83703,S84001,S44214,S52260,S20396,S44668",Wednesday,12:00,5,24,26,Friday-14:00
C21478,Math,P32695,Prof. Miller,"S58528,S17726,S08522,S48222,S27284,S49043,S28355,S91889,S99740,S32590,S77372,S05041,S97769,S19862,S30143,S59270,S84565,S92034",Friday,16:00,29,35,29,
C26693,Philosophy,P07579,Prof. Brown,"S63495,S77697,S39789,S17596,S46692,S02503,S69409,S30322,S96982,S88603,S80100",Friday,11:00,21,29,28,Friday-12:00
C28768,Economics,P35911,Prof. Davis,"S08513,S46514,S24426,S54315,S70825,S85068,S73999,S25006,S82121,S06624,S49412,S66166,S84957,S43501,S70535,S49966,S19677,S74107,S36111,S77000,S44057,S29239,S37857,S55706,S64748,S62049,S81010,S89325,S39891",Wednesday,10:00,23,21,24,Tuesday-14:00
C44262,History,P72566,Prof. Smith,"S97409,S17915,S72059,S73047,S52239,S61307,S25231,S32802,S84134,S85684,S90733,S31158,S24456,S40663,S94414,S78314,S98395,S28602,S88307,S64855,S70155,S13468,S32155,S58889,S91485,S92831,S90990,S94714",Thursday,16:00,17,32,26,Friday-14:00
C89460,Chemistry,P96844,Prof. Miller,"S79458,S55789,S54899,S20788,S41093,S27692,S79855,S38841,S68009,S99338,S05185",Wednesday,16:00,42,35,21,Thursday-13:00
C66057,CS,P51190,Prof. Johnson,"S61288,S07311,S76506,S88777,S43151,S67266,S63095,S61439,S34779,S06556,S44245,S46368,S63579,S17569,S93514,S63793,S84854,S82933,S42337,S52986,S15477,S37177,S99154,S41333,S28640,S87972,S36467,S82958",Tuesday,13:00,40,22,17,
C82709,Physics,P32600,Prof. Johnson,"S90483,S36519,S51412,S20607,S30553,S44679,S80207,S81377,S40937,S22106,S16438,S38431",Tuesday,15:00,23,22,33,Tuesday-11:00
C19099,Philosophy,P66613,Prof. Johnson,"S72008,S11606,S24169,S01685,S42249,S70218,S09309,S58916,S67605,S90933,S87169,S11062,S69756,S86949,S03171,S71713,S45203,S97188",Wednesday,13:00,13,22,28,Friday-12:00
C22457,Physics,P48872,Prof. Miller,"S70700,S89796,S48890,S45937,S34104,S86126,S10752,S13990,S44280,S81549",Thursday,14:00,43,35,33,Tuesday-11:00
C95027,CS,P57271,Prof. Williams,"S80443,S64083,S32123,S21795,S42273,S42498,S62230,S44120,S34097,S75785,S26640,S98405,S26453,S10153,S36300,S30802,S90328,S80877,S60558,S12556,S34256,S47202,S69484,S16870,S96762",Thursday,12:00,9,18,17,
C16982,Chemistry,P88012,Prof. Brown,"S52606,S21240,S77809,S67181,S76937,S18763,S83768,S25605,S69258,S25801,S38296,S24445,S29417,S97849,S04587,S95493,S01773,S61921",Thursday,13:00,38,29,21,Thursday-13:00
C16630,History,P25389,Prof. Miller,"S68721,S16309,S20332,S03885,S26230,S21255,S51571,S74342,S47859,S72483,S61899,S18073,S13079,S08527,S29122,S11273,S83298,S52126,S29767,S02885,S26686,S77453,S25430,S59924",Thursday,15:00,16,35,26,Friday-14:00
C22824,Physics,P05523,Prof. Jones,"S33653,S29048,S47274,S01765,S46729,S75770,S55181,S10430,S33813,S45191,S34597,S91242,S68398,S15851,S06465,S08134,S81427,S75013,S05861,S99815",Tuesday,10:00,41,19,33,Tuesday-11:00
C13239,Philosophy,P13046,Prof. Miller,"S46527,S36539,S16440,S33465,S16949,S54674,S80366,S86601,S01257,S39642,S14093,S99738,S17916,S92699,S42470,S93711,S63050,S00820,S46279,S82845,S16102,S89576,S41059,S12438,S98421,S50570,S68183,S27934",Wednesday,11:00,33,35,28,Friday-12:00
C92400,Math,P03290,Prof. Wilson,"S50897,S68527,S26866,S00264,S74593,S69768,S98551,S83076,S66351,S88652,S20039,S23899,S36855,S44029,S69889,S28983,S87861,S22168,S53257,S86614,S73487,S32850",Monday,11:00,49,24,29,
C71163,Biology,P51077,Prof. Miller,"S02610,S64581,S85000,S11831,S38832,S69190,S06021,S87317,S31180,S69544,S91224,S43997,S63976,S17845,S51633,S64048,S98699,S73053,S33366,S52919,S78261,S64239,S32170,S72918,S79515,S57584,S65802",Thursday,14:00,29,35,22,Wednesday-12:00
C38308,Math,P78594,Prof. Miller,"S84549,S27339,S90345,S61832,S59871,S73038,S84929,S55329,S26742,S17790,S84894,S81689,S47325,S25426,S96375,S54775,S07248,S82691,S77359,S72898,S48610,S67926,S44790,S90324,S87634,S13893,S87313,S71308",Wednesday,14:00,9,35,29,
C46090,History,P48488,Prof. Wilson,"S13469,S10314,S10595,S09524,S04077,S09206,S06892,S75666,S55178,S26096,S14152,S06920,S58851,S80778,S54152,S65354,S96166,S93645,S30296,S28977,S13028",Wednesday,15:00,34,24,26,Friday-14:00
C97038,Chemistry,P39197,Prof. Davis,"S74265,S95402,S47352,S17377,S55322,S93432,S49759,S66247,S71638,S53381,S12671,S18023,S12412,S14270,S84323",Friday,16:00,34,21,21,Thursday-13:00
C94521,Physics,P94597,Prof. Miller,"S43317,S73065,S48162,S15219,S53601,S93089,S40123,S41117,S11634,S11081,S00188,S01631,S53036,S01421,S05493,S85923,S40382,S70445,S67137,S43104,S13960,S39238,S44579,S82084,S13278,S61329,S86772,S72886,S05977",Friday,10:00,42,35,33,Tuesday-11:00
C56460,Chemistry,P44566,Prof. Davis,"S68097,S07961,S06484,S31677,S96792,S57703,S92776,S32889,S22939,S23653,S16569,S58796,S21783,S39871,S10124,S51134,S78927,S00794,S47007,S98048,S02655",Thursday,10:00,34,21,21,Thursday-13:00
C56455,Math,P07397,Prof. Brown,"S92823,S11766,S77598,S26703,S65151,S88182,S32176,S58363,S96058,S19089,S19005,S78055,S87001,S95858,S98608,S47002,S99559,S83296,S92516,S31810,S61693,S53471,S71468,S92801,S00515,S44359,S37757",Friday,13:00,26,29,29,
C78085,Biology,P23642,Prof. Johnson,"S43267,S45272,S43102,S59692,S14907,S87872,S69449,S13440,S21693,S14633,S12841,S92204",Friday,10:00,36,22,22,Wednesday-12:00
C95629,Philosophy,P86274,Prof. Smith,"S63217,S75486,S72365,S04874,S25508,S60627,S27989,S33771,S24254,S97350,S47643,S19627,S85871,S03053,S19516,S02943,S57684,S51847,S44476,S87334,S87968,S69932,S65347,S01606,S45738,S21950,S48563",Monday,16:00,7,32,28,Friday-12:00
C16915,Math,P93949,Prof. Williams,"S20210,S79115,S35289,S90776,S57223,S45316,S53882,S17763,S60462,S54687,S43061,S67390,S45534,S02041,S63718,S95974,S32605,S39081,S32196,S37976,S06153,S57920,S85746,S85813,S89179,S07466,S53837",Friday,09:00,18,18,29,
C28103,Physics,P57659,Prof. Smith,"S43134,S66631,S82414,S12327,S10259,S60587,S14912,S85611,S93482,S80021,S97520,S90973,S43663,S74405,S80664,S32721,S76157,S14336",Friday,13:00,24,32,33,Tuesday-11:00
C90716,Economics,P96617,Prof. Smith,"S36568,S85813,S92465,S29247,S56546,S86251,S15674,S70012,S23753,S16709,S27043,S16587,S15079,S14562,S61321,S24988,S45422,S64693,S92510,S72778,S41685,S76778,S85140,S49502,S18449,S47980",Thursday,11:00,11,32,24,Tuesday-14:00
C88271,Math,P31629,Prof. Jones,"S15631,S04394,S45919,S92142,S25180,S91196,S58078,S11825,S92253,S50457,S72514,S88850,S01561,S00269,S35020,S45649,S23538,S98764,S18249,S53739,S74742,S77619,S95083",Tuesday,09:00,12,19,29,
C00957,History,P05131,Prof. Brown,"S02614,S69731,S09433,S64292,S49787,S42782,S91962,S25166,S89925,S47785,S50112,S49812,S55822,S76144,S21808,S58601,S37631,S14736,S64202,S85687,S69204,S19058,S76083,S10604,S48332,S29815,S02546,S09129,S04944",Tuesday,12:00,8,29,26,Friday-14:00
C58008,Economics,P59753,Prof. Brown,"S20812,S19225,S05807,S29029,S22914,S87136,S88547,S42127,S00930,S99462,S18951,S93670,S22227,S87768,S99677,S57460,S02013,S40408,S03314,S46963,S17565",Wednesday,11:00,7,29,24,Tuesday-14:00
C06551,Math,P88141,Prof. Miller,"S11611,S53568,S31198,S84868,S04305,S38383,S87852,S78197,S23586,S80705,S31429,S40330,S11043,S34311,S34047,S22333,S49942,S20064,S10758,S09235",Friday,14:00,32,35,29,
C97132,Physics,P42926,Prof. Williams,"S46358,S42303,S06713,S95151,S70154,S39239,S88719,S70563,S12556,S98884,S01019,S72442,S64526,S24748,S78105,S63431,S96055,S29812,S26152,S65268,S58072,S31172,S67615,S40734,S52033,S82856",Monday,15:00,43,18,33,Tuesday-11:00
C55587,Economics,P32349,Prof. Davis,"S58600,S21002,S64481,S38660,S90156,S46179,S11629,S63932,S38856,S16040",Monday,16:00,16,21,24,Tuesday-14:00
C60655,Economics,P62842,Prof. Williams,"S96545,S59973,S30131,S49149,S02643,S93126,S11988,S57175,S59773,S28035,S80011,S82473",Friday,09:00,27,18,24,Tuesday-14:00
C50674,Economics,P94629,Prof. Smith,"S13347,S26172,S28909,S52479,S89113,S11944,S87166,S61993,S74370,S37752,S79801,S43166,S00259,S95429,S98832,S05370,S88949,S04312,S86003,S64630,S10201,S00516,S32181,S70398",Thursday,10:00,40,32,24,Tuesday-14:00
C09038,History,P72297,Prof. Johnson,"S39386,S59352,S75716,S67236,S50179,S94052,S30268,S09309,S13580,S60781,S94689,S22498,S11822,S11504,S35071,S46156,S78172,S42548,S89739,S57901,S42206,S67268",Monday,16:00,14,22,26,Friday-14:00
C19814,Chemistry,P80038,Prof. Johnson,"S41188,S25276,S57309,S39055,S29755,S04531,S56092,S43048,S31674,S82817,S70740,S47208,S20003,S74939,S13485,S05873,S52906,S54922,S97147,S25899,S83648,S68335,S22001,S96071,S83002,S77936,S67487,S33080",Friday,12:00,10,22,21,Thursday-13:00
C19680,Physics,P97188,Prof. Miller,"S83942,S36349,S91876,S02522,S20189,S07282,S24051,S27682,S65435,S55662,S85750,S95823,S49465,S23812,S64585,S56190,S15950,S48280,S41693,S00724,S36971,S79932,S03516,S11264",Monday,16:00,41,35,33,Tuesday-11:00
C79135,Chemistry,P16192,Prof. Jones,"S43013,S78590,S67764,S23381,S86257,S37794,S46118,S96145,S52132,S86364,S11113,S49628,S35925,S91152,S30383,S66387,S25493,S73826,S33157,S02270",Friday,09:00,31,19,21,Thursday-13:00
C11971,Chemistry,P91553,Prof. Williams,"S51112,S49671,S57147,S29122,S58642,S86812,S43231,S64951,S18978,S48201,S75056,S18193,S89216,S45589,S03868,S47823,S39477,S27027,S15264,S63704,S19364,S75516,S29343,S14227,S31011,S29652,S69649,S02165,S16635",Tuesday,12:00,8,18,21,Thursday-13:00
C01873,Philosophy,P73552,Prof. Brown,"S51387,S07305,S46733,S78106,S37458,S18506,S42047,S27488,S47053,S79585,S70892,S18812,S91344,S78963,S37221,S06809,S84006,S98348,S16854,S14560,S33584,S79122,S74751",Tuesday,12:00,27,29,28,Friday-12:00
C93493,CS,P04533,Prof. Jones,"S87133,S44484,S53435,S67408,S20264,S53230,S79351,S45654,S97882,S93563,S80364,S78794,S12256",Wednesday,12:00,34,19,17,
C54150,History,P37384,Prof. Miller,"S63692,S99722,S94779,S37838,S66236,S40431,S38118,S93383,S62035,S49009,S33377,S52841,S66564,S59955,S29840,S65578,S29594,S07090,S10393,S34540,S79289,S35378,S47194,S94332",Thursday,14:00,31,35,26,Friday-14:00
C06976,Economics,P42344,Prof. Jones,"S56790,S58150,S80371,S54720,S44855,S27301,S62699,S40384,S62127,S13410,S65292,S84679,S40772,S70322,S48262,S02657,S96276,S89955,S21178,S81564",Thursday,16:00,15,19,24,Tuesday-14:00
C28495,CS,P83671,Prof. Brown,"S92635,S74385,S24068,S43992,S53736,S98729,S54897,S68487,S89378,S31589,S04749,S00570,S00177,S28423,S88706,S83729,S45686,S11607,S24822,S35849,S83438",Thursday,09:00,46,29,17,
C43038,History,P84747,Prof. Williams,"S65381,S76318,S21948,S96394,S64465,S08658,S30226,S20399,S96403,S64610,S41740,S92777,S14416,S67132,S56114,S54204,S08176,S18786,S68533,S85513,S53762,S92504,S40055,S26260,S81838,S31092,S71383,S07475",Friday,13:00,26,18,26,Friday-14:00
C93887,Chemistry,P01671,Prof. Miller,"S13921,S19304,S48763,S50370,S85326,S47660,S03469,S03878,S60213,S55512,S32242,S09173,S10783,S26046",Tuesday,11:00,39,35,21,Thursday-13:00
C08135,Economics,P96861,Prof. Jones,"S04985,S44368,S90436,S13444,S03465,S52599,S87920,S77032,S51790,S81857,S70519,S21221",Friday,11:00,27,19,24,Tuesday-14:00
C66986,History,P52572,Prof. Smith,"S16402,S76668,S53699,S74626,S14159,S10075,S32979,S58002,S74611,S64144,S03087,S24528,S30435,S55456,S06900,S17879,S72238",Thursday,15:00,7,32,26,Friday-14:00
C84637,History,P71226,Prof. Davis,"S13732,S20309,S57670,S61881,S21732,S90224,S00780,S95259,S34559,S58238,S93242,S38542,S16984,S25234,S00818,S67296,S10927,S25355,S09598,S94894,S20960,S81634",Monday,09:00,49,21,26,Friday-14:00
C91220,CS,P12661,Prof. Miller,"S99237,S11494,S59683,S25209,S14997,S77059,S48215,S81429,S94041,S15240,S57772,S92417,S97271,S73533,S81457,S71503,S63282,S01373,S96467,S67426,S83329,S18416,S44722,S86225,S54738,S59824,S23449,S48540",Monday,13:00,29,35,17,
C51810,Physics,P76802,Prof. Davis,"S10479,S33687,S76298,S42394,S91253,S60658,S73993,S63405,S72006,S40747,S83887,S75586,S30824,S31526,S60284,S38488,S69962,S38200,S67355,S64720,S78933,S16024,S53528",Thursday,15:00,26,21,33,Tuesday-11:00
C13430,Chemistry,P32130,Prof. Williams,"S71998,S13946,S34730,S37185,S70784,S37300,S65667,S69688,S12829,S85923,S95710,S45243,S43398,S94783,S18146,S85213",Tuesday,10:00,47,18,21,Thursday-13:00
C54021,Biology,P08992,Prof. Brown,"S18300,S09129,S82466,S71286,S57419,S33823,S88249,S69729,S27418,S56603,S94116,S07717,S52228,S90152,S47499,S89797,S99151,S18257,S42831,S19521,S78798,S62272",Wednesday,12:00,23,29,22,Wednesday-12:00
C41301,Philosophy,P64294,Prof. Smith,"S64168,S47814,S66215,S15326,S32595,S60939,S69077,S89809,S51292,S54647,S22716,S97028,S00785,S50250,S74268,S20352,S90940,S33933,S87396,S98733,S11839,S55087,S73565,S18610,S89490,S03576,S11061",Friday,09:00,14,32,28,Friday-12:00
C54573,Economics,P39864,Prof. Wilson,"S42580,S39221,S76691,S82299,S87691,S62096,S22179,S45986,S25949,S51085",Monday,12:00,48,24,24,Tuesday-14:00
C13241,Economics,P17595,Prof. Brown,"S38140,S74970,S67332,S25156,S86720,S30006,S83161,S61409,S47510,S44614,S15311,S82336,S79288,S08612,S15345",Wednesday,15:00,15,29,24,Tuesday-14:00
C21975,Economics,P93832,Prof. Smith,"S25594,S31406,S98192,S62174,S80321,S83555,S07918,S33905,S24989,S77465,S36675",Monday,13:00,25,32,24,Tuesday-14:00
C95754,Math,P53349,Prof. Jones,"S92581,S22981,S21301,S49244,S16261,S19427,S98206,S94285,S20363,S45849,S81974",Friday,11:00,8,19,29,
C29119,Economics,P86033,Prof. Smith,"S65631,S05357,S81681,S03898,S03968,S76697,S70864,S65915,S93156,S10860,S46894,S01876,S72260,S77025,S03144,S45804,S15909,S24453,S56307,S74577,S84325,S51496,S17815,S15312",Monday,11:00,30,32,24,Tuesday-14:00
C58060,History,P07607,Prof. Smith,"S64076,S47950,S15669,S64528,S00058,S77818,S59963,S44524,S57257,S63146,S95982,S00266,S75600,S16643,S54529,S28807,S82912,S05574,S03552,S21536,S45107,S83940,S89243",Monday,15:00,6,32,26,Friday-14:00
